{
    "avg_latency": 115.43770262573769,
    "latencies": [
        184.39513235801132,
        190.77352644799976,
        193.51437540800544,
        181.34977872902527,
        75.13535602402408,
        90.10102950100554,
        95.88955328200245,
        91.85068124998361,
        91.805776358,
        85.76748714700807,
        90.60730229900219,
        83.45242379698902,
        83.0291184450034,
        86.3770447599818,
        107.51695358002326
    ],
    "percentiles": {
        "10": 83.19844058579766,
        "25": 86.07226595349493,
        "50": 91.805776358,
        "75": 144.43336615452426,
        "90": 188.22216881200438,
        "99": 193.13065655360464
    }
}